{"id":1,"x":5.938120851374984,"y":4.533965986177158,"z":"a"}
{"id":2,"x":2.680835241693462,"y":8.19425223836935,"z":"a"}
{"id":3,"x":3.4851832584055824,"y":5.668937832579665,"z":"c"}
{"id":4,"x":2.191579318404636,"y":5.768462278793522,"z":"b"}
{"id":5,"x":7.849763705115755,"y":6.176648218859225,"z":"a"}
{"id":6,"x":7.236515404399387,"y":4.889286506988984,"z":"a"}
{"id":7,"x":3.5463258052174105,"y":16.62968221276086,"z":"a"}
{"id":8,"x":7.166427916409467,"y":14.853870793985047,"z":"a"}
{"id":9,"x":5.313935236579784,"y":18.671614394540253,"z":"a"}
{"id":10,"x":3.525701395319161,"y":18.180632263551825,"z":"b"}
{"id":11,"x":7.596790801515696,"y":14.387014064867332,"z":"c"}
{"id":12,"x":8.371563137890895,"y":16.27598200732568,"z":"c"}
{"id":13,"x":15.9401941749371,"y":5.703704179313746,"z":"c"}
{"id":14,"x":15.912168810000395,"y":6.760290278787764,"z":"b"}
{"id":15,"x":12.056370844747219,"y":7.593606438643265,"z":"b"}
{"id":16,"x":12.399920711511685,"y":3.289488817191873,"z":"a"}
{"id":17,"x":17.281844840528116,"y":5.019956467119892,"z":"c"}
{"id":18,"x":11.670023549374136,"y":8.978933759942723,"z":"c"}
{"id":19,"x":19.92395414411107,"y":16.401105715881105,"z":"b"}
{"id":20,"x":14.35294166396883,"y":18.172668663775376,"z":"c"}
{"id":21,"x":19.987901071971024,"y":19.864786326688186,"z":"b"}
{"id":22,"x":17.20752528905433,"y":18.546736879113336,"z":"c"}
{"id":23,"x":14.442379076836225,"y":18.044346789802102,"z":"b"}
{"id":24,"x":19.476769170963276,"y":18.014504697069313,"z":"b"}
