{"id":11,"hauteur":48.808755363797516,"circonference":2.306808343273984,"arrondissement":2,"remarquable":"OUI","cluster":1}
{"cluster":1,"id":16,"hauteur":48.808755363797516,"circonference":2.306808343273984,"arrondissement":2,"remarquable":"OUI"}
{"id":6,"hauteur":48.808755363797516,"circonference":2.306808343273984,"arrondissement":2,"remarquable":"OUI","cluster":1}
{"id":23,"hauteur":48.85299777341619,"circonference":2.3006946902579157,"arrondissement":3,"remarquable":"OUI","cluster":2}
{"remarquable":"NON","cluster":2,"id":28,"hauteur":48.85299777341619,"circonference":2.3006946902579157,"arrondissement":3}
{"arrondissement":3,"remarquable":"NON","cluster":2,"id":29,"hauteur":48.85299777341619,"circonference":2.3006946902579157}
{"arrondissement":3,"remarquable":"NON","cluster":2,"id":19,"hauteur":48.85299777341619,"circonference":2.3006946902579157}
{"id":22,"hauteur":48.87296801173478,"circonference":2.2758045643950675,"arrondissement":2,"remarquable":"NON","cluster":3}
{"id":5,"hauteur":48.87296801173478,"circonference":2.2758045643950675,"arrondissement":2,"remarquable":"NON","cluster":3}
{"hauteur":48.87296801173478,"circonference":2.2758045643950675,"arrondissement":2,"remarquable":"OUI","cluster":3,"id":24}
{"remarquable":"OUI","cluster":3,"id":12,"hauteur":48.87296801173478,"circonference":2.2758045643950675,"arrondissement":2}
{"circonference":2.288901253824873,"arrondissement":2.5,"remarquable":"NON","cluster":4,"id":26,"hauteur":48.87930150221054}
{"arrondissement":2.5,"remarquable":"OUI","cluster":4,"id":27,"hauteur":48.87930150221054,"circonference":2.288901253824873}
{"circonference":2.288901253824873,"arrondissement":2.5,"remarquable":"OUI","cluster":4,"id":9,"hauteur":48.87930150221054}
{"circonference":2.288901253824873,"arrondissement":2.5,"remarquable":"OUI","cluster":4,"id":21,"hauteur":48.87930150221054}
{"cluster":5,"id":8,"hauteur":48.831478755840465,"circonference":2.3905073723887753,"arrondissement":1.5,"remarquable":"OUI"}
{"id":1,"hauteur":48.831478755840465,"circonference":2.3905073723887753,"arrondissement":1.5,"remarquable":"OUI","cluster":5}
{"circonference":2.3905073723887753,"arrondissement":1.5,"remarquable":"NON","cluster":5,"id":17,"hauteur":48.831478755840465}
{"id":4,"hauteur":48.831478755840465,"circonference":2.3905073723887753,"arrondissement":1.5,"remarquable":"OUI","cluster":5}
{"hauteur":48.83070601586969,"circonference":2.356600163112034,"arrondissement":3,"remarquable":"NON","cluster":6,"id":3}
{"remarquable":"NON","cluster":6,"id":15,"hauteur":48.83070601586969,"circonference":2.356600163112034,"arrondissement":3}
{"id":14,"hauteur":48.83070601586969,"circonference":2.356600163112034,"arrondissement":3,"remarquable":"NON","cluster":6}
{"id":18,"hauteur":48.85982299776617,"circonference":2.353758527388152,"arrondissement":1,"remarquable":"NON","cluster":7}
{"circonference":2.353758527388152,"arrondissement":1,"remarquable":"NON","cluster":7,"id":2,"hauteur":48.85982299776617}
{"circonference":2.353758527388152,"arrondissement":1,"remarquable":"NON","cluster":7,"id":25,"hauteur":48.85982299776617}
{"cluster":7,"id":10,"hauteur":48.85982299776617,"circonference":2.353758527388152,"arrondissement":1,"remarquable":"NON"}
{"remarquable":"OUI","cluster":8,"id":20,"hauteur":48.875796377796256,"circonference":2.3911189807062665,"arrondissement":4}
{"circonference":2.3911189807062665,"arrondissement":4,"remarquable":"NON","cluster":8,"id":7,"hauteur":48.875796377796256}
{"arrondissement":4,"remarquable":"OUI","cluster":8,"id":30,"hauteur":48.875796377796256,"circonference":2.3911189807062665}
{"arrondissement":4,"remarquable":"OUI","cluster":8,"id":13,"hauteur":48.875796377796256,"circonference":2.3911189807062665}
