{ "hauteur": 48.850731821623576, "arrondissement": 1 , "genre": "saule" }
{ "hauteur": 48.863923496077746, "arrondissement": 1 , "genre": "chêne" }
{ "hauteur": 48.83070601586969, "arrondissement": 3 , "genre": "saule" }
{ "hauteur": 48.83714969644298, "arrondissement": 2 , "genre": "peuplier" }
{ "hauteur": 48.87303489491386, "arrondissement": 2 , "genre": "chêne" }
{ "hauteur": 48.86897671989661, "arrondissement": 2 , "genre": "peuplier" }
{ "hauteur": 48.86362431389086, "arrondissement": 4 , "genre": "saule" }
{ "hauteur": 48.82580781523796, "arrondissement": 1 , "genre": "peuplier" }
{ "hauteur": 48.873640864369285, "arrondissement": 1 , "genre": "chêne" }
{ "hauteur": 48.8557224994546, "arrondissement": 3 , "genre": "saule" }
{ "hauteur": 48.80198755255104, "arrondissement": 1 , "genre": "peuplier" }
{ "hauteur": 48.87799508849486, "arrondissement": 2 , "genre": "peuplier" }
{ "hauteur": 48.89013534012031, "arrondissement": 4 , "genre": "peuplier" }
{ "hauteur": 48.818289574731786, "arrondissement": 4 , "genre": "saule" }
{ "hauteur": 48.83464100033539, "arrondissement": 3 , "genre": "saule" }
{ "hauteur": 48.808755363797516, "arrondissement": 2 , "genre": "saule" }
{ "hauteur": 48.76596956677078, "arrondissement": 2 , "genre": "chêne" }
{ "hauteur": 48.85507039308052, "arrondissement": 1 , "genre": "chêne" }
{ "hauteur": 48.83494197241223, "arrondissement": 4 , "genre": "saule" }
{ "hauteur": 48.85820712246259, "arrondissement": 4 , "genre": "peuplier" }
{ "hauteur": 48.8929606383563, "arrondissement": 3 , "genre": "chêne" }
{ "hauteur": 48.8729011285557, "arrondissement": 2 , "genre": "chêne" }
{ "hauteur": 48.84778187866786, "arrondissement": 3 , "genre": "saule" }
{ "hauteur": 48.87156820830263, "arrondissement": 1 , "genre": "peuplier" }
{ "hauteur": 48.867294411756326, "arrondissement": 1 , "genre": "chêne" }
{ "hauteur": 48.87269970643575, "arrondissement": 4 , "genre": "chêne" }
{ "hauteur": 48.88496214005178, "arrondissement": 2 , "genre": "peuplier" }
{ "hauteur": 48.85821366816453, "arrondissement": 3 , "genre": "saule" }
{ "hauteur": 48.86397796306712, "arrondissement": 3 , "genre": "chêne" }
{ "hauteur": 48.88796844170165, "arrondissement": 4 , "genre": "peuplier" }